ABOUT/test/ABOUT_00001,0
ABOUT/test/ABOUT_00002,0
ABOUT/test/ABOUT_00003,0
ABOUT/test/ABOUT_00004,0
ABOUT/test/ABOUT_00005,0
ABOUT/test/ABOUT_00006,0
ABOUT/test/ABOUT_00007,0
ABOUT/test/ABOUT_00008,0
ABOUT/test/ABOUT_00009,0
ABOUT/test/ABOUT_00010,0
ABOUT/test/ABOUT_00011,0
ABOUT/test/ABOUT_00012,0
ABOUT/test/ABOUT_00013,0
ABOUT/test/ABOUT_00014,0
ABOUT/test/ABOUT_00015,0
ABOUT/test/ABOUT_00016,0
ABOUT/test/ABOUT_00017,0
ABOUT/test/ABOUT_00018,0
ABOUT/test/ABOUT_00019,0
ABOUT/test/ABOUT_00020,0
ABOUT/test/ABOUT_00021,0
ABOUT/test/ABOUT_00022,0
ABOUT/test/ABOUT_00023,0
ABOUT/test/ABOUT_00024,0
ABOUT/test/ABOUT_00025,0
ABOUT/test/ABOUT_00026,0
ABOUT/test/ABOUT_00027,0
ABOUT/test/ABOUT_00028,0
ABOUT/test/ABOUT_00029,0
ABOUT/test/ABOUT_00030,0
ABOUT/test/ABOUT_00031,0
ABOUT/test/ABOUT_00032,0
ABOUT/test/ABOUT_00033,0
ABOUT/test/ABOUT_00034,0
ABOUT/test/ABOUT_00035,0
ABOUT/test/ABOUT_00036,0
ABOUT/test/ABOUT_00037,0
ABOUT/test/ABOUT_00038,0
ABOUT/test/ABOUT_00039,0
ABOUT/test/ABOUT_00040,0
ABOUT/test/ABOUT_00041,0
ABOUT/test/ABOUT_00042,0
ABOUT/test/ABOUT_00043,0
ABOUT/test/ABOUT_00044,0
ABOUT/test/ABOUT_00045,0
ABOUT/test/ABOUT_00046,0
ABOUT/test/ABOUT_00047,0
ABOUT/test/ABOUT_00048,0
ABOUT/test/ABOUT_00049,0
ABOUT/test/ABOUT_00050,0
ABSOLUTELY/test/ABSOLUTELY_00001,0
ABSOLUTELY/test/ABSOLUTELY_00002,0
ABSOLUTELY/test/ABSOLUTELY_00003,0
ABSOLUTELY/test/ABSOLUTELY_00004,0
ABSOLUTELY/test/ABSOLUTELY_00005,0
ABSOLUTELY/test/ABSOLUTELY_00006,0
ABSOLUTELY/test/ABSOLUTELY_00007,0
ABSOLUTELY/test/ABSOLUTELY_00008,0
ABSOLUTELY/test/ABSOLUTELY_00009,0
ABSOLUTELY/test/ABSOLUTELY_00010,0
ABSOLUTELY/test/ABSOLUTELY_00011,0
ABSOLUTELY/test/ABSOLUTELY_00012,0
ABSOLUTELY/test/ABSOLUTELY_00013,0
ABSOLUTELY/test/ABSOLUTELY_00014,0
ABSOLUTELY/test/ABSOLUTELY_00015,0
ABSOLUTELY/test/ABSOLUTELY_00016,0
ABSOLUTELY/test/ABSOLUTELY_00017,0
ABSOLUTELY/test/ABSOLUTELY_00018,0
ABSOLUTELY/test/ABSOLUTELY_00019,0
ABSOLUTELY/test/ABSOLUTELY_00020,0
ABSOLUTELY/test/ABSOLUTELY_00021,0
ABSOLUTELY/test/ABSOLUTELY_00022,0
ABSOLUTELY/test/ABSOLUTELY_00023,0
ABSOLUTELY/test/ABSOLUTELY_00024,0
ABSOLUTELY/test/ABSOLUTELY_00025,0
ABSOLUTELY/test/ABSOLUTELY_00026,0
ABSOLUTELY/test/ABSOLUTELY_00027,0
ABSOLUTELY/test/ABSOLUTELY_00028,0
ABSOLUTELY/test/ABSOLUTELY_00029,0
ABSOLUTELY/test/ABSOLUTELY_00030,0
ABSOLUTELY/test/ABSOLUTELY_00031,0
ABSOLUTELY/test/ABSOLUTELY_00032,0
ABSOLUTELY/test/ABSOLUTELY_00033,0
ABSOLUTELY/test/ABSOLUTELY_00034,0
ABSOLUTELY/test/ABSOLUTELY_00035,0
ABSOLUTELY/test/ABSOLUTELY_00036,0
ABSOLUTELY/test/ABSOLUTELY_00037,0
ABSOLUTELY/test/ABSOLUTELY_00038,0
ABSOLUTELY/test/ABSOLUTELY_00039,0
ABSOLUTELY/test/ABSOLUTELY_00040,0
ABSOLUTELY/test/ABSOLUTELY_00041,0
ABSOLUTELY/test/ABSOLUTELY_00042,0
ABSOLUTELY/test/ABSOLUTELY_00043,0
ABSOLUTELY/test/ABSOLUTELY_00044,0
ABSOLUTELY/test/ABSOLUTELY_00045,0
ABSOLUTELY/test/ABSOLUTELY_00046,0
ABSOLUTELY/test/ABSOLUTELY_00047,0
ABSOLUTELY/test/ABSOLUTELY_00048,0
ABSOLUTELY/test/ABSOLUTELY_00049,0
ABSOLUTELY/test/ABSOLUTELY_00050,0
ABUSE/test/ABUSE_00001,0
ABUSE/test/ABUSE_00002,0
ABUSE/test/ABUSE_00003,0
ABUSE/test/ABUSE_00004,0
ABUSE/test/ABUSE_00005,0
ABUSE/test/ABUSE_00006,0
ABUSE/test/ABUSE_00007,0
ABUSE/test/ABUSE_00008,0
ABUSE/test/ABUSE_00009,0
ABUSE/test/ABUSE_00010,0
ABUSE/test/ABUSE_00011,0
ABUSE/test/ABUSE_00012,0
ABUSE/test/ABUSE_00013,0
ABUSE/test/ABUSE_00014,0
ABUSE/test/ABUSE_00015,0
ABUSE/test/ABUSE_00016,0
ABUSE/test/ABUSE_00017,0
ABUSE/test/ABUSE_00018,0
ABUSE/test/ABUSE_00019,0
ABUSE/test/ABUSE_00020,0
ABUSE/test/ABUSE_00021,0
ABUSE/test/ABUSE_00022,0
ABUSE/test/ABUSE_00023,0
ABUSE/test/ABUSE_00024,0
ABUSE/test/ABUSE_00025,0
ABUSE/test/ABUSE_00026,0
ABUSE/test/ABUSE_00027,0
ABUSE/test/ABUSE_00028,0
ABUSE/test/ABUSE_00029,0
ABUSE/test/ABUSE_00030,0
ABUSE/test/ABUSE_00031,0
ABUSE/test/ABUSE_00032,0
ABUSE/test/ABUSE_00033,0
ABUSE/test/ABUSE_00034,0
ABUSE/test/ABUSE_00035,0
ABUSE/test/ABUSE_00036,0
ABUSE/test/ABUSE_00037,0
ABUSE/test/ABUSE_00038,0
ABUSE/test/ABUSE_00039,0
ABUSE/test/ABUSE_00040,0
ABUSE/test/ABUSE_00041,0
ABUSE/test/ABUSE_00042,0
ABUSE/test/ABUSE_00043,0
ABUSE/test/ABUSE_00044,0
ABUSE/test/ABUSE_00045,0
ABUSE/test/ABUSE_00046,0
ABUSE/test/ABUSE_00047,0
ABUSE/test/ABUSE_00048,0
ABUSE/test/ABUSE_00049,0
ABUSE/test/ABUSE_00050,0
ACCESS/test/ACCESS_00001,0
ACCESS/test/ACCESS_00002,0
ACCESS/test/ACCESS_00003,0
ACCESS/test/ACCESS_00004,0
ACCESS/test/ACCESS_00005,0
ACCESS/test/ACCESS_00006,0
ACCESS/test/ACCESS_00007,0
ACCESS/test/ACCESS_00008,0
ACCESS/test/ACCESS_00009,0
ACCESS/test/ACCESS_00010,0
ACCESS/test/ACCESS_00011,0
ACCESS/test/ACCESS_00012,0
ACCESS/test/ACCESS_00013,0
ACCESS/test/ACCESS_00014,0
ACCESS/test/ACCESS_00015,0
ACCESS/test/ACCESS_00016,0
ACCESS/test/ACCESS_00017,0
ACCESS/test/ACCESS_00018,0
ACCESS/test/ACCESS_00019,0
ACCESS/test/ACCESS_00020,0
ACCESS/test/ACCESS_00021,0
ACCESS/test/ACCESS_00022,0
ACCESS/test/ACCESS_00023,0
ACCESS/test/ACCESS_00024,0
ACCESS/test/ACCESS_00025,0
ACCESS/test/ACCESS_00026,0
ACCESS/test/ACCESS_00027,0
ACCESS/test/ACCESS_00028,0
ACCESS/test/ACCESS_00029,0
ACCESS/test/ACCESS_00030,0
ACCESS/test/ACCESS_00031,0
ACCESS/test/ACCESS_00032,0
ACCESS/test/ACCESS_00033,0
ACCESS/test/ACCESS_00034,0
ACCESS/test/ACCESS_00035,0
ACCESS/test/ACCESS_00036,0
ACCESS/test/ACCESS_00037,0
ACCESS/test/ACCESS_00038,0
ACCESS/test/ACCESS_00039,0
ACCESS/test/ACCESS_00040,0
ACCESS/test/ACCESS_00041,0
ACCESS/test/ACCESS_00042,0
ACCESS/test/ACCESS_00043,0
ACCESS/test/ACCESS_00044,0
ACCESS/test/ACCESS_00045,0
ACCESS/test/ACCESS_00046,0
ACCESS/test/ACCESS_00047,0
ACCESS/test/ACCESS_00048,0
ACCESS/test/ACCESS_00049,0
ACCESS/test/ACCESS_00050,0
ACCORDING/test/ACCORDING_00001,0
ACCORDING/test/ACCORDING_00002,0
ACCORDING/test/ACCORDING_00003,0
ACCORDING/test/ACCORDING_00004,0
ACCORDING/test/ACCORDING_00005,0
ACCORDING/test/ACCORDING_00006,0
ACCORDING/test/ACCORDING_00007,0
ACCORDING/test/ACCORDING_00008,0
ACCORDING/test/ACCORDING_00009,0
ACCORDING/test/ACCORDING_00010,0
ACCORDING/test/ACCORDING_00011,0
ACCORDING/test/ACCORDING_00012,0
ACCORDING/test/ACCORDING_00013,0
ACCORDING/test/ACCORDING_00014,0
ACCORDING/test/ACCORDING_00015,0
ACCORDING/test/ACCORDING_00016,0
ACCORDING/test/ACCORDING_00017,0
ACCORDING/test/ACCORDING_00018,0
ACCORDING/test/ACCORDING_00019,0
ACCORDING/test/ACCORDING_00020,0
ACCORDING/test/ACCORDING_00021,0
ACCORDING/test/ACCORDING_00022,0
ACCORDING/test/ACCORDING_00023,0
ACCORDING/test/ACCORDING_00024,0
ACCORDING/test/ACCORDING_00025,0
ACCORDING/test/ACCORDING_00026,0
ACCORDING/test/ACCORDING_00027,0
ACCORDING/test/ACCORDING_00028,0
ACCORDING/test/ACCORDING_00029,0
ACCORDING/test/ACCORDING_00030,0
ACCORDING/test/ACCORDING_00031,0
ACCORDING/test/ACCORDING_00032,0
ACCORDING/test/ACCORDING_00033,0
ACCORDING/test/ACCORDING_00034,0
ACCORDING/test/ACCORDING_00035,0
ACCORDING/test/ACCORDING_00036,0
ACCORDING/test/ACCORDING_00037,0
ACCORDING/test/ACCORDING_00038,0
ACCORDING/test/ACCORDING_00039,0
ACCORDING/test/ACCORDING_00040,0
ACCORDING/test/ACCORDING_00041,0
ACCORDING/test/ACCORDING_00042,0
ACCORDING/test/ACCORDING_00043,0
ACCORDING/test/ACCORDING_00044,0
ACCORDING/test/ACCORDING_00045,0
ACCORDING/test/ACCORDING_00046,0
ACCORDING/test/ACCORDING_00047,0
ACCORDING/test/ACCORDING_00048,0
ACCORDING/test/ACCORDING_00049,0
ACCORDING/test/ACCORDING_00050,0
ACCUSED/test/ACCUSED_00001,0
ACCUSED/test/ACCUSED_00002,0
ACCUSED/test/ACCUSED_00003,0
ACCUSED/test/ACCUSED_00004,0
ACCUSED/test/ACCUSED_00005,0
ACCUSED/test/ACCUSED_00006,0
ACCUSED/test/ACCUSED_00007,0
ACCUSED/test/ACCUSED_00008,0
ACCUSED/test/ACCUSED_00009,0
ACCUSED/test/ACCUSED_00010,0
ACCUSED/test/ACCUSED_00011,0
ACCUSED/test/ACCUSED_00012,0
ACCUSED/test/ACCUSED_00013,0
ACCUSED/test/ACCUSED_00014,0
ACCUSED/test/ACCUSED_00015,0
ACCUSED/test/ACCUSED_00016,0
ACCUSED/test/ACCUSED_00017,0
ACCUSED/test/ACCUSED_00018,0
ACCUSED/test/ACCUSED_00019,0
ACCUSED/test/ACCUSED_00020,0
ACCUSED/test/ACCUSED_00021,0
ACCUSED/test/ACCUSED_00022,0
ACCUSED/test/ACCUSED_00023,0
ACCUSED/test/ACCUSED_00024,0
ACCUSED/test/ACCUSED_00025,0
ACCUSED/test/ACCUSED_00026,0
ACCUSED/test/ACCUSED_00027,0
ACCUSED/test/ACCUSED_00028,0
ACCUSED/test/ACCUSED_00029,0
ACCUSED/test/ACCUSED_00030,0
ACCUSED/test/ACCUSED_00031,0
ACCUSED/test/ACCUSED_00032,0
ACCUSED/test/ACCUSED_00033,0
ACCUSED/test/ACCUSED_00034,0
ACCUSED/test/ACCUSED_00035,0
ACCUSED/test/ACCUSED_00036,0
ACCUSED/test/ACCUSED_00037,0
ACCUSED/test/ACCUSED_00038,0
ACCUSED/test/ACCUSED_00039,0
ACCUSED/test/ACCUSED_00040,0
ACCUSED/test/ACCUSED_00041,0
ACCUSED/test/ACCUSED_00042,0
ACCUSED/test/ACCUSED_00043,0
ACCUSED/test/ACCUSED_00044,0
ACCUSED/test/ACCUSED_00045,0
ACCUSED/test/ACCUSED_00046,0
ACCUSED/test/ACCUSED_00047,0
ACCUSED/test/ACCUSED_00048,0
ACCUSED/test/ACCUSED_00049,0
ACCUSED/test/ACCUSED_00050,0
ACROSS/test/ACROSS_00001,0
ACROSS/test/ACROSS_00002,0
ACROSS/test/ACROSS_00003,0
ACROSS/test/ACROSS_00004,0
ACROSS/test/ACROSS_00005,0
ACROSS/test/ACROSS_00006,0
ACROSS/test/ACROSS_00007,0
ACROSS/test/ACROSS_00008,0
ACROSS/test/ACROSS_00009,0
ACROSS/test/ACROSS_00010,0
ACROSS/test/ACROSS_00011,0
ACROSS/test/ACROSS_00012,0
ACROSS/test/ACROSS_00013,0
ACROSS/test/ACROSS_00014,0
ACROSS/test/ACROSS_00015,0
ACROSS/test/ACROSS_00016,0
ACROSS/test/ACROSS_00017,0
ACROSS/test/ACROSS_00018,0
ACROSS/test/ACROSS_00019,0
ACROSS/test/ACROSS_00020,0
ACROSS/test/ACROSS_00021,0
ACROSS/test/ACROSS_00022,0
ACROSS/test/ACROSS_00023,0
ACROSS/test/ACROSS_00024,0
ACROSS/test/ACROSS_00025,0
ACROSS/test/ACROSS_00026,0
ACROSS/test/ACROSS_00027,0
ACROSS/test/ACROSS_00028,0
ACROSS/test/ACROSS_00029,0
ACROSS/test/ACROSS_00030,0
ACROSS/test/ACROSS_00031,0
ACROSS/test/ACROSS_00032,0
ACROSS/test/ACROSS_00033,0
ACROSS/test/ACROSS_00034,0
ACROSS/test/ACROSS_00035,0
ACROSS/test/ACROSS_00036,0
ACROSS/test/ACROSS_00037,0
ACROSS/test/ACROSS_00038,0
ACROSS/test/ACROSS_00039,0
ACROSS/test/ACROSS_00040,0
ACROSS/test/ACROSS_00041,0
ACROSS/test/ACROSS_00042,0
ACROSS/test/ACROSS_00043,0
ACROSS/test/ACROSS_00044,0
ACROSS/test/ACROSS_00045,0
ACROSS/test/ACROSS_00046,0
ACROSS/test/ACROSS_00047,0
ACROSS/test/ACROSS_00048,0
ACROSS/test/ACROSS_00049,0
ACROSS/test/ACROSS_00050,0
ACTION/test/ACTION_00001,0
ACTION/test/ACTION_00002,0
ACTION/test/ACTION_00003,0
ACTION/test/ACTION_00004,0
ACTION/test/ACTION_00005,0
ACTION/test/ACTION_00006,0
ACTION/test/ACTION_00007,0
ACTION/test/ACTION_00008,0
ACTION/test/ACTION_00009,0
ACTION/test/ACTION_00010,0
ACTION/test/ACTION_00011,0
ACTION/test/ACTION_00012,0
ACTION/test/ACTION_00013,0
ACTION/test/ACTION_00014,0
ACTION/test/ACTION_00015,0
ACTION/test/ACTION_00016,0
ACTION/test/ACTION_00017,0
ACTION/test/ACTION_00018,0
ACTION/test/ACTION_00019,0
ACTION/test/ACTION_00020,0
ACTION/test/ACTION_00021,0
ACTION/test/ACTION_00022,0
ACTION/test/ACTION_00023,0
ACTION/test/ACTION_00024,0
ACTION/test/ACTION_00025,0
ACTION/test/ACTION_00026,0
ACTION/test/ACTION_00027,0
ACTION/test/ACTION_00028,0
ACTION/test/ACTION_00029,0
ACTION/test/ACTION_00030,0
ACTION/test/ACTION_00031,0
ACTION/test/ACTION_00032,0
ACTION/test/ACTION_00033,0
ACTION/test/ACTION_00034,0
ACTION/test/ACTION_00035,0
ACTION/test/ACTION_00036,0
ACTION/test/ACTION_00037,0
ACTION/test/ACTION_00038,0
ACTION/test/ACTION_00039,0
ACTION/test/ACTION_00040,0
ACTION/test/ACTION_00041,0
ACTION/test/ACTION_00042,0
ACTION/test/ACTION_00043,0
ACTION/test/ACTION_00044,0
ACTION/test/ACTION_00045,0
ACTION/test/ACTION_00046,0
ACTION/test/ACTION_00047,0
ACTION/test/ACTION_00048,0
ACTION/test/ACTION_00049,0
ACTION/test/ACTION_00050,0
